model,seed,test_set,macro_f1,balanced_acc,accuracy,macro_precision,macro_recall,weighted_f1,macro_auc,melanoma_recall
cnn,0,test,0.4606401828233572,0.4547764640480972,0.7080838323353293,0.5119949089429342,0.4547764640480972,0.7181590921826088,0.8738555929565416,0.6216216216216216
cnn,0,external,0.3766924836774518,0.3889459289787615,0.6379880873593646,0.4292221577974119,0.3889459289787615,0.6381399401573237,0.8562314386384866,0.6842105263157895
cnn,1,test,0.4701904454024654,0.4849576492299814,0.7455089820359282,0.4888230291891956,0.4849576492299814,0.7416782346847053,0.8832348134045261,0.34684684684684686
cnn,1,external,0.48242996707309044,0.47124833329882987,0.6982131039046989,0.5016009538929844,0.47124833329882987,0.690739569903553,0.8803064867022706,0.4093567251461988
cnn,2,test,0.5190743952876561,0.5570586422044237,0.7589820359281437,0.5035749113678707,0.5570586422044237,0.7620526521701484,0.9070280424684631,0.4774774774774775
cnn,2,external,0.5259485279838861,0.539715241146422,0.7028457974851092,0.5151278290195461,0.539715241146422,0.7050445237953537,0.9000508804520917,0.5087719298245614
efficientnet_b0,0,test,0.6625344538237491,0.673245501842059,0.8153692614770459,0.6574519660833265,0.673245501842059,0.8186523496714209,0.9323702993476939,0.5765765765765766
efficientnet_b0,0,external,0.6851432413532075,0.6883674302270802,0.7961614824619457,0.6872368459389623,0.6883674302270802,0.8012597915411047,0.9289123433530475,0.6842105263157895
efficientnet_b0,1,test,0.7037164307625435,0.6941032419936823,0.8388223552894212,0.7207403718263158,0.6941032419936823,0.8396629198045868,0.9380679650789967,0.6486486486486487
efficientnet_b0,1,external,0.6886450100917647,0.674647694989348,0.8060886829913965,0.7133542481668635,0.674647694989348,0.8052270111085681,0.9259778978945131,0.672514619883041
efficientnet_b0,2,test,0.7350972803073194,0.7435885007234994,0.8527944111776448,0.7299379518425014,0.7435885007234994,0.849632138871916,0.9393663977826051,0.5135135135135135
efficientnet_b0,2,external,0.7100242227030172,0.7045614800798559,0.8160158835208471,0.7194650677317161,0.7045614800798559,0.8140251953221749,0.9291712798130046,0.5672514619883041
mobilenetv3,0,test,0.679236445522025,0.679773055525907,0.8283433133732535,0.6864669664232931,0.679773055525907,0.8282968146533654,0.9290320896565708,0.545045045045045
mobilenetv3,0,external,0.6790340972027413,0.6671894613774112,0.7882197220383852,0.6979624611910553,0.6671894613774112,0.7908991902017551,0.9051380580587531,0.5789473684210527
mobilenetv3,1,test,0.6775325252184264,0.6797870915115676,0.8348303393213573,0.6814022776539531,0.6797870915115676,0.8332813471974779,0.9228803083657956,0.5180180180180181
mobilenetv3,1,external,0.6781972051683356,0.6661592974851575,0.786896095301125,0.6940145883276873,0.6661592974851575,0.7859481791798991,0.9055455536461565,0.6023391812865497
mobilenetv3,2,test,0.6589915209640297,0.6572824496218194,0.8348303393213573,0.6651262612576988,0.6572824496218194,0.8305350850462994,0.9351140097848926,0.49099099099099097
mobilenetv3,2,external,0.6725504651816099,0.6595726187465569,0.800794176042356,0.6945126449202832,0.6595726187465569,0.7984614514491805,0.9173657667749813,0.5614035087719298
resnet50,0,test,0.7484232877388594,0.7231172328502419,0.8642714570858283,0.7835749941278985,0.7231172328502419,0.8600329475112545,0.9273899849007282,0.5540540540540541
resnet50,0,external,0.7325371794210083,0.6997484876758168,0.8312375909993381,0.7801693244067296,0.6997484876758168,0.8271747235372198,0.9263776045230115,0.6140350877192983
resnet50,1,test,0.7067471841248497,0.6982377110381657,0.8567864271457086,0.7513608787392286,0.6982377110381657,0.8497095931156857,0.921715044185028,0.44594594594594594
resnet50,1,external,0.7087145868361203,0.6983254510601793,0.8213103904698875,0.7557364796814691,0.6983254510601793,0.8164893649266232,0.911999848409984,0.5029239766081871
resnet50,2,test,0.6988243335611758,0.6828857743275673,0.8537924151696606,0.7354858549260205,0.6828857743275673,0.8450147665480158,0.9217864078230819,0.42342342342342343
resnet50,2,external,0.7316588933424285,0.7062701396209071,0.8305757776307081,0.7840896149895981,0.7062701396209071,0.8251499633586832,0.9267558123718694,0.5146198830409356
