model,seed,akiec,bcc,bkl,df,mel,nv,vasc
cnn,0,0.37735849056603776,0.4539877300613497,0.46325167037861914,0.06451612903225806,0.46621621621621623,0.8536964980544747,0.5454545454545454
cnn,1,0.30612244897959184,0.5727699530516432,0.48123620309050774,0.18181818181818182,0.41621621621621624,0.8887256702166728,0.4444444444444444
cnn,2,0.39655172413793105,0.5714285714285714,0.5292740046838408,0.23880597014925373,0.4785553047404063,0.8939051918735892,0.525
efficientnet_b0,0,0.628099173553719,0.7264957264957265,0.6827133479212254,0.4583333333333333,0.5529157667386609,0.9106124001521491,0.6785714285714286
efficientnet_b0,1,0.6086956521739131,0.7850467289719626,0.7101449275362319,0.6382978723404256,0.5925925925925926,0.9245705750560119,0.6666666666666666
efficientnet_b0,2,0.7285714285714285,0.7677725118483413,0.7330316742081447,0.6666666666666666,0.5714285714285714,0.9324473975636767,0.7457627118644068
mobilenetv3,0,0.6071428571428571,0.7368421052631579,0.7042889390519187,0.5652173913043478,0.5413870246085011,0.9218106995884774,0.6779661016949152
mobilenetv3,1,0.6115702479338843,0.7522935779816514,0.7370786516853932,0.4444444444444444,0.5476190476190477,0.9224489795918367,0.7272727272727273
mobilenetv3,2,0.6141732283464567,0.7454545454545455,0.7040358744394619,0.37209302325581395,0.5518987341772152,0.9252852410747148,0.7
resnet50,0,0.7076923076923077,0.8,0.7425968109339408,0.717948717948718,0.6196473551637279,0.9367921081476068,0.7142857142857143
resnet50,1,0.6549707602339181,0.7864077669902912,0.7198177676537585,0.5555555555555556,0.5625,0.9407057111676973,0.7272727272727273
resnet50,2,0.696969696969697,0.8,0.7575757575757576,0.5263157894736842,0.5371428571428571,0.9309090909090909,0.6428571428571429
